sentence_o_count,sentence_r_count,word_o_count,word_r_count,diff_words,similar_words,perplexity_o,perplexity_r,class,relative_diff_sent,relative_diff_word,diff_word,sim_word,diff_perplexity
43,24,604,477,789,146,20.64624596,10.42148876,1,0.441860465,0.210264901,1.306291391,0.241721854,10.2247572
23,40,578,628,824,191,32.11584091,11.93601036,1,-0.739130435,-0.08650519,1.425605536,0.330449827,20.17983055
22,29,585,464,701,174,21.72901726,9.399646759,1,-0.318181818,0.206837607,1.198290598,0.297435897,12.3293705
9,16,627,308,679,128,38.21975327,14.3178215,1,-0.777777778,0.50877193,1.082934609,0.20414673,23.90193177
15,19,577,355,738,97,34.17332077,14.11035252,1,-0.266666667,0.3847487,1.279029463,0.168110919,20.06296825
17,16,571,240,645,83,13.68941212,12.39568329,1,0.058823529,0.579684764,1.129597198,0.145359019,1.29372883
30,23,597,469,792,137,21.18314362,13.43372154,1,0.233333333,0.21440536,1.326633166,0.229480737,7.74942208
12,13,604,263,743,62,13.563447,12.96317387,1,-0.083333333,0.564569536,1.23013245,0.102649007,0.60027313
2,24,513,446,719,120,55.88280869,8.993883133,1,-11,0.130604288,1.401559454,0.233918129,46.88892556
3,22,632,398,834,98,21.47417641,13.27905655,1,-6.333333333,0.370253165,1.319620253,0.155063291,8.19511986
24,25,594,497,817,137,16.54145813,12.38174725,1,-0.041666667,0.163299663,1.375420875,0.230639731,4.15971088
21,20,660,347,767,120,23.11108589,21.50273323,1,0.047619048,0.474242424,1.162121212,0.181818182,1.60835266
3,24,600,524,832,146,37.77626419,11.50068855,1,-7,0.126666667,1.386666667,0.243333333,26.27557564
15,26,604,419,793,115,27.23250198,12.87366962,1,-0.733333333,0.306291391,1.312913907,0.190397351,14.35883236
23,22,596,300,708,94,16.20554352,17.12871361,1,0.043478261,0.496644295,1.187919463,0.157718121,-0.92317009
4,29,605,478,799,142,62.24034119,10.94260025,1,-6.25,0.209917355,1.320661157,0.234710744,51.29774094
15,19,581,341,714,104,24.02414322,15.30174732,1,-0.266666667,0.413080895,1.228915663,0.179001721,8.7223959
21,20,660,379,721,159,27.4515934,15.73935604,1,0.047619048,0.425757576,1.092424242,0.240909091,11.71223736
10,16,595,300,717,89,29.4920845,13.02605724,1,-0.6,0.495798319,1.205042017,0.149579832,16.46602726
28,26,559,465,758,133,28.8061409,13.93167877,1,0.071428571,0.168157424,1.355992844,0.237924866,14.87446213
9,19,754,323,831,123,33.91165924,16.69563293,1,-1.111111111,0.571618037,1.102122016,0.163129973,17.21602631
26,26,674,396,804,133,33.70468903,19.656744,1,0,0.412462908,1.192878338,0.197329377,14.04794503
23,19,482,312,642,76,23.77198029,17.14433289,1,0.173913043,0.352697095,1.331950207,0.157676349,6.6276474
18,25,541,466,703,152,36.64169312,10.05962944,1,-0.388888889,0.138632163,1.299445471,0.280961183,26.58206368
13,14,543,239,670,56,24.38800812,22.00552559,1,-0.076923077,0.55985267,1.23388582,0.103130755,2.38248253
21,20,682,336,778,120,19.68333054,16.79341316,1,0.047619048,0.507331378,1.140762463,0.175953079,2.88991738
14,22,572,355,725,101,18.02335739,16.92781448,1,-0.571428571,0.379370629,1.267482517,0.176573427,1.09554291
4,33,577,581,894,132,14.50545502,9.096782684,1,-7.25,-0.006932409,1.549393414,0.228769497,5.408672336
20,25,591,490,821,130,41.54642105,14.47166443,1,-0.25,0.170896785,1.389170897,0.219966159,27.07475662
78,25,587,436,749,137,30.69969559,12.11289215,1,0.679487179,0.257240204,1.275979557,0.233390119,18.58680344
21,21,607,343,702,124,43.19984818,10.83435059,1,0,0.434925865,1.156507414,0.204283361,32.36549759
17,22,584,378,676,143,28.48640633,11.5359354,1,-0.294117647,0.352739726,1.157534247,0.244863014,16.95047093
20,23,528,365,713,90,17.81907463,17.751297,1,-0.15,0.308712121,1.350378788,0.170454545,0.06777763
2,23,626,401,781,123,96.57824707,12.32136345,1,-10.5,0.35942492,1.247603834,0.196485623,84.25688362
22,27,537,448,785,100,31.2611351,12.80128193,1,-0.227272727,0.165735568,1.461824953,0.186219739,18.45985317
24,30,592,471,785,139,14.44880009,13.22199535,1,-0.25,0.204391892,1.326013514,0.234797297,1.22680474
52,24,623,473,808,144,29.65682602,19.37540627,1,0.538461538,0.240770465,1.296950241,0.231139647,10.28141975
23,25,504,388,632,130,18.22550583,14.07783508,1,-0.086956522,0.23015873,1.253968254,0.257936508,4.14767075
22,28,586,493,765,157,19.17457962,11.85852528,1,-0.272727273,0.158703072,1.305460751,0.267918089,7.31605434
14,14,593,273,690,88,20.19413757,19.18420982,1,0,0.539629005,1.163575042,0.148397976,1.00992775
25,21,559,408,747,110,40.93113327,15.45028973,1,0.16,0.270125224,1.336314848,0.196779964,25.48084354
24,16,619,332,751,100,15.43743515,14.11064243,1,0.333333333,0.46365105,1.213247173,0.161550889,1.32679272
129,38,553,724,965,156,37.02575684,11.7725296,1,0.705426357,-0.309222423,1.745027125,0.282097649,25.25322724
18,25,645,402,809,119,19.6349411,11.77378464,1,-0.388888889,0.376744186,1.254263566,0.184496124,7.86115646
17,26,718,474,794,199,74.53642273,13.45463657,1,-0.529411765,0.339832869,1.105849582,0.277158774,61.08178616
4,17,663,380,821,111,38.59298325,9.596265793,1,-3.25,0.426847662,1.238310709,0.167420814,28.99671746
3,20,735,460,873,161,30.61946297,13.74643135,1,-5.666666667,0.37414966,1.187755102,0.219047619,16.87303162
22,25,532,449,675,153,26.73788071,11.17616177,1,-0.136363636,0.156015038,1.268796992,0.287593985,15.56171894
16,21,570,414,742,121,28.6469574,12.20388985,1,-0.3125,0.273684211,1.301754386,0.212280702,16.44306755
20,22,526,296,672,75,18.00128746,14.35802841,1,-0.1,0.437262357,1.27756654,0.142585551,3.64325905
14,29,563,536,767,166,13.42290974,12.59362221,1,-1.071428571,0.047957371,1.362344583,0.294849023,0.82928753
46,36,528,572,818,141,28.57935905,16.07707787,1,0.217391304,-0.083333333,1.549242424,0.267045455,12.50228118
21,20,642,285,779,74,23.29256058,21.68114471,1,0.047619048,0.556074766,1.213395639,0.115264798,1.61141587
15,15,589,306,723,86,15.56588173,8.953431129,1,0,0.480475382,1.227504244,0.146010187,6.612450601
22,21,559,412,701,135,39.75585556,19.20809555,1,0.045454545,0.262969589,1.254025045,0.241502683,20.54776001
116,23,731,464,865,165,56.92913055,12.78139782,1,0.801724138,0.365253078,1.183310534,0.225718194,44.14773273
20,23,680,397,775,151,22.49086761,12.22021294,1,-0.15,0.416176471,1.139705882,0.222058824,10.27065467
13,23,588,384,706,133,20.17235374,12.44282532,1,-0.769230769,0.346938776,1.200680272,0.226190476,7.72952842
41,21,657,316,771,101,32.04114914,17.54957581,1,0.487804878,0.519025875,1.173515982,0.153729072,14.49157333
13,12,610,227,677,80,27.24143028,30.27706146,1,0.076923077,0.627868852,1.109836066,0.131147541,-3.03563118
21,19,585,266,699,76,14.54182053,14.97043991,1,0.095238095,0.545299145,1.194871795,0.12991453,-0.42861938
51,27,622,673,983,156,26.61718559,14.81779957,1,0.470588235,-0.081993569,1.580385852,0.250803859,11.79938602
59,21,533,287,658,81,90.13816833,17.13960457,1,0.644067797,0.461538462,1.234521576,0.151969981,72.99856376
118,23,569,442,709,151,28.63633156,19.55985451,1,0.805084746,0.223198594,1.246045694,0.265377856,9.07647705
18,32,573,530,839,132,38.51760483,11.12185574,1,-0.777777778,0.07504363,1.464223386,0.230366492,27.39574909
4,32,594,534,806,161,53.24428558,9.56270504,1,-7,0.101010101,1.356902357,0.271043771,43.68158054
19,23,615,442,747,155,19.24609756,10.27565193,1,-0.210526316,0.281300813,1.214634146,0.25203252,8.97044563
107,38,610,690,944,178,30.53751755,16.84478569,1,0.644859813,-0.131147541,1.547540984,0.291803279,13.69273186
4,27,558,499,739,159,57.18722153,12.26340008,1,-5.75,0.105734767,1.32437276,0.284946237,44.92382145
42,25,594,513,747,180,42.30457306,17.04514313,1,0.404761905,0.136363636,1.257575758,0.303030303,25.25942993
4,25,649,486,843,146,18.86257553,11.3643198,1,-5.25,0.251155624,1.298921418,0.224961479,7.49825573
97,28,567,547,786,164,57.32178879,19.29113197,1,0.711340206,0.035273369,1.386243386,0.289241623,38.03065682
23,25,640,458,794,152,23.89777184,13.56914997,1,-0.086956522,0.284375,1.240625,0.2375,10.32862187
10,10,676,206,732,75,32.03054047,24.11177635,1,0,0.695266272,1.082840237,0.110946746,7.91876412
17,17,611,273,750,67,36.88970566,26.76811409,1,0,0.553191489,1.227495908,0.109656301,10.12159157
23,22,496,368,674,95,27.73260307,21.14474869,1,0.043478261,0.258064516,1.358870968,0.191532258,6.58785438
21,21,605,412,797,110,21.29872322,12.07454014,1,0,0.319008264,1.317355372,0.181818182,9.22418308
42,29,550,616,852,157,21.72109795,17.92155457,1,0.30952381,-0.12,1.549090909,0.285454545,3.79954338
20,19,627,311,734,102,22.13543892,25.9359684,1,0.05,0.503987241,1.170653907,0.162679426,-3.80052948
14,15,623,411,784,125,31.94478035,27.14500999,1,-0.071428571,0.340288925,1.258426966,0.200642055,4.79977036
28,26,627,418,775,135,25.39971924,13.9243269,1,0.071428571,0.333333333,1.236044657,0.215311005,11.47539234
17,23,601,498,843,128,23.19192886,17.84477043,1,-0.352941176,0.171381032,1.40266223,0.212978369,5.34715843
19,30,519,432,749,101,24.66978073,13.09700584,1,-0.578947368,0.167630058,1.443159923,0.19460501,11.57277489
17,17,635,353,768,110,18.96685028,21.56767845,1,0,0.444094488,1.209448819,0.173228346,-2.60082817
86,21,594,478,760,156,21.40127563,16.6543541,1,0.755813953,0.195286195,1.279461279,0.262626263,4.74692153
12,21,532,346,678,100,24.25939369,9.49800396,1,-0.75,0.34962406,1.27443609,0.187969925,14.76138973
132,29,548,628,804,186,28.87186623,14.64250374,1,0.78030303,-0.145985401,1.467153285,0.339416058,14.22936249
30,21,570,339,691,109,13.7713728,11.54462433,1,0.3,0.405263158,1.212280702,0.19122807,2.22674847
19,30,543,594,781,178,20.23289299,11.78604317,1,-0.578947368,-0.093922652,1.438305709,0.327808471,8.44684982
27,24,608,430,796,121,34.10004807,14.48737526,1,0.111111111,0.292763158,1.309210526,0.199013158,19.61267281
25,24,581,334,685,115,13.82877636,13.59883499,1,0.04,0.425129088,1.179001721,0.197934596,0.22994137
19,29,669,464,833,150,23.76485634,16.99905586,1,-0.526315789,0.306427504,1.245142003,0.224215247,6.76580048
13,19,587,370,745,106,18.59233665,13.057621,1,-0.461538462,0.36967632,1.269165247,0.180579216,5.53471565
43,27,604,513,755,181,29.23204613,15.53377533,1,0.372093023,0.150662252,1.25,0.299668874,13.6982708
15,19,607,310,721,98,24.08267784,12.83646488,1,-0.266666667,0.489291598,1.187808896,0.161449753,11.24621296
20,25,629,411,810,115,13.42351151,12.5450058,1,-0.25,0.346581876,1.287758347,0.182829889,0.87850571
84,31,774,544,978,170,47.80979919,15.48529053,1,0.630952381,0.297157623,1.263565891,0.219638243,32.32450866
26,28,643,404,785,131,12.33799648,12.41636467,1,-0.076923077,0.371695179,1.220839813,0.203732504,-0.07836819
19,18,585,245,700,65,26.49263954,23.18759346,1,0.052631579,0.581196581,1.196581197,0.111111111,3.30504608
4,30,598,514,836,138,27.24085236,9.101277351,1,-6.5,0.140468227,1.397993311,0.230769231,18.13957501
26,23,491,458,97,426,13.56585312,14.98741722,3,0.115384615,0.067209776,0.197556008,0.867617108,-1.4215641
30,27,600,546,58,544,17.53477097,17.90984726,3,0.1,0.09,0.096666667,0.906666667,-0.37507629
28,25,635,568,69,567,17.01753807,17.47698975,3,0.107142857,0.105511811,0.108661417,0.892913386,-0.45945168
33,31,614,591,29,588,21.93442345,23.7089653,3,0.060606061,0.037459283,0.04723127,0.957654723,-1.77454185
25,24,583,569,22,565,14.60698318,14.80362892,3,0.04,0.024013722,0.037735849,0.969125214,-0.19664574
30,27,575,541,82,517,14.64565277,13.53701401,3,0.1,0.059130435,0.142608696,0.899130435,1.10863876
27,23,600,496,138,479,16.4942112,16.85275841,3,0.148148148,0.173333333,0.23,0.798333333,-0.35854721
30,16,590,303,511,191,25.07940674,22.25582886,3,0.466666667,0.486440678,0.866101695,0.323728814,2.82357788
31,26,628,523,127,512,21.29533768,22.64295959,3,0.161290323,0.167197452,0.202229299,0.815286624,-1.34762191
29,27,529,508,109,464,18.11802483,16.72751617,3,0.068965517,0.039697543,0.206049149,0.877126654,1.39050866
32,31,532,526,138,460,19.52794647,18.71189117,3,0.03125,0.011278195,0.259398496,0.864661654,0.8160553
28,19,535,353,336,276,15.01248741,11.21428776,3,0.321428571,0.340186916,0.628037383,0.51588785,3.79819965
25,27,471,499,64,453,12.15523052,12.01690388,3,-0.08,-0.059447983,0.135881104,0.961783439,0.13832664
28,18,553,325,416,231,24.20375252,16.44717598,3,0.357142857,0.412296564,0.752260398,0.417721519,7.75657654
31,29,590,575,59,553,21.16219902,20.59571075,3,0.064516129,0.025423729,0.1,0.937288136,0.56648827
33,34,556,553,109,500,21.33502197,19.09638596,3,-0.03030303,0.005395683,0.196043165,0.899280576,2.23863601
30,29,612,578,64,563,15.32479191,15.26701927,3,0.033333333,0.055555556,0.104575163,0.919934641,0.05777264
31,26,562,476,94,472,19.43659401,23.5268116,3,0.161290323,0.153024911,0.167259786,0.839857651,-4.09021759
28,26,599,565,76,544,21.7487545,21.28056717,3,0.071428571,0.056761269,0.12687813,0.908180301,0.46818733
27,24,592,548,44,548,18.66826057,19.8950386,3,0.111111111,0.074324324,0.074324324,0.925675676,-1.22677803
28,21,593,374,411,278,18.94250107,11.50783634,3,0.25,0.3693086,0.693086003,0.468802698,7.43466473
28,25,634,567,113,544,17.88041306,16.67702675,3,0.107142857,0.105678233,0.178233438,0.858044164,1.20338631
29,30,660,682,28,657,22.24462509,22.2723732,3,-0.034482759,-0.033333333,0.042424242,0.995454545,-0.02774811
32,27,672,603,141,567,14.18591499,14.17693806,3,0.15625,0.102678571,0.209821429,0.84375,0.00897693
26,24,587,554,37,552,14.26926231,15.70365715,3,0.076923077,0.056218058,0.063032368,0.940374787,-1.43439484
34,28,642,559,89,556,17.52035332,19.0046978,3,0.176470588,0.129283489,0.138629283,0.866043614,-1.48434448
28,25,556,485,85,478,23.64340019,25.61230087,3,0.107142857,0.127697842,0.152877698,0.85971223,-1.96890068
32,27,623,526,219,465,12.45868874,12.75631809,3,0.15625,0.155698234,0.35152488,0.746388443,-0.29762935
25,20,601,500,125,488,18.81807327,19.47754288,3,0.2,0.168053245,0.207986689,0.811980033,-0.65946961
27,35,583,736,199,560,24.41780281,15.35722065,3,-0.296296296,-0.262435678,0.341337907,0.960548885,9.06058216
29,26,594,492,158,464,20.66535378,18.54354858,3,0.103448276,0.171717172,0.265993266,0.781144781,2.1218052
29,25,572,538,196,457,27.61645699,28.07284164,3,0.137931034,0.059440559,0.342657343,0.798951049,-0.45638465
27,27,583,589,84,544,18.710392,19.58573532,3,0,-0.010291595,0.144082333,0.933104631,-0.87534332
27,24,557,527,30,527,13.95979786,14.13982964,3,0.111111111,0.053859964,0.053859964,0.946140036,-0.18003178
32,24,552,466,94,462,24.88744164,29.95980835,3,0.25,0.155797101,0.170289855,0.836956522,-5.07236671
23,20,574,519,55,519,18.01556778,16.52150154,3,0.130434783,0.095818815,0.095818815,0.904181185,1.49406624
22,21,562,523,65,510,17.83607674,18.32141876,3,0.045454545,0.069395018,0.115658363,0.90747331,-0.48534202
30,27,606,542,102,523,22.64736557,23.48048019,3,0.1,0.105610561,0.168316832,0.863036304,-0.83311462
28,26,575,550,99,513,22.88050652,22.4314785,3,0.071428571,0.043478261,0.172173913,0.892173913,0.44902802
33,33,617,604,81,570,20.10268784,19.46168518,3,0,0.021069692,0.131280389,0.923824959,0.64100266
27,24,599,555,52,551,27.13780785,28.32651138,3,0.111111111,0.07345576,0.086811352,0.919866444,-1.18870353
26,23,596,553,47,551,19.44331932,20.26258659,3,0.115384615,0.072147651,0.07885906,0.924496644,-0.81926727
26,24,591,550,77,532,27.32879639,27.37105751,3,0.076923077,0.069373942,0.130287648,0.900169205,-0.04226112
28,24,620,542,78,542,20.83434296,22.73137474,3,0.142857143,0.125806452,0.125806452,0.874193548,-1.89703178
30,28,592,498,166,462,21.4842453,19.7061882,3,0.066666667,0.158783784,0.280405405,0.780405405,1.7780571
28,21,576,387,329,317,23.69092369,19.43795204,3,0.25,0.328125,0.571180556,0.550347222,4.25297165
30,31,700,745,65,690,25.12699509,24.37083244,3,-0.033333333,-0.064285714,0.092857143,0.985714286,0.75616265
28,24,591,542,61,536,26.29250145,27.33004189,3,0.142857143,0.082910321,0.10321489,0.906937394,-1.03754044
25,23,579,561,74,533,14.57577133,15.85406303,3,0.08,0.031088083,0.127806563,0.920552677,-1.2782917
28,27,568,522,78,506,23.96807098,27.56974792,3,0.035714286,0.080985915,0.137323944,0.89084507,-3.60167694
23,28,427,445,98,387,6.067102909,6.497241497,4,-0.217391304,-0.042154567,0.229508197,0.906323185,-0.430138588
23,23,401,405,76,365,6.877860069,8.357402802,4,0,-0.009975062,0.189526185,0.910224439,-1.479542733
24,23,416,374,48,371,7.979071617,8.596374512,4,0.041666667,0.100961538,0.115384615,0.891826923,-0.617302895
18,23,400,454,122,366,6.77946043,7.628298759,4,-0.277777778,-0.135,0.305,0.915,-0.848838329
27,29,428,476,102,401,6.236705303,7.273563862,4,-0.074074074,-0.112149533,0.238317757,0.936915888,-1.036858559
22,20,406,345,217,267,5.464352131,6.988050938,4,0.090909091,0.150246305,0.534482759,0.657635468,-1.523698807
20,16,418,265,399,142,7.613973618,11.71439362,4,0.2,0.366028708,0.954545455,0.339712919,-4.100420002
28,22,423,366,159,315,7.738478184,7.691446781,4,0.214285714,0.134751773,0.375886525,0.744680851,0.047031403
28,28,409,399,118,345,5.15836525,6.291862488,4,0,0.024449878,0.288508557,0.843520782,-1.133497238
25,28,417,471,138,375,5.594139576,6.724099159,4,-0.12,-0.129496403,0.330935252,0.899280576,-1.129959583
21,30,393,493,286,300,7.109995365,7.628660679,4,-0.428571429,-0.254452926,0.727735369,0.763358779,-0.518665314
23,34,406,605,245,383,7.474061966,7.617323399,4,-0.47826087,-0.490147783,0.603448276,0.943349754,-0.143261433
25,18,374,319,193,250,6.986911774,7.893266201,4,0.28,0.147058824,0.516042781,0.668449198,-0.906354427
20,30,434,515,353,298,4.915290833,7.843889713,4,-0.5,-0.186635945,0.813364055,0.686635945,-2.92859888
17,18,407,354,141,310,5.237239838,7.907626629,4,-0.058823529,0.13022113,0.346437346,0.761670762,-2.670386791
18,19,428,423,227,312,7.616458893,10.89390373,4,-0.055555556,0.011682243,0.530373832,0.728971963,-3.277444837
26,26,412,429,287,277,6.855446815,9.223031044,4,0,-0.041262136,0.696601942,0.672330097,-2.367584229
21,24,416,471,149,369,5.848196507,6.634086609,4,-0.142857143,-0.132211538,0.358173077,0.887019231,-0.785890102
20,27,429,537,394,286,6.070309639,12.8197937,4,-0.35,-0.251748252,0.918414918,0.666666667,-6.749484061
21,19,426,376,64,369,7.500821114,7.831401348,4,0.095238095,0.117370892,0.150234742,0.866197183,-0.330580234
24,21,424,422,144,351,6.011059761,8.02575016,4,0.125,0.004716981,0.339622642,0.827830189,-2.014690399
21,20,397,388,213,286,7.033804417,6.98470211,4,0.047619048,0.022670025,0.536523929,0.720403023,0.049102307
19,24,392,464,146,355,6.61755085,7.23052597,4,-0.263157895,-0.183673469,0.37244898,0.905612245,-0.61297512
28,28,379,414,101,346,5.323039055,5.958425522,4,0,-0.092348285,0.266490765,0.91292876,-0.635386467
24,31,416,560,412,282,5.909079075,8.741185188,4,-0.291666667,-0.346153846,0.990384615,0.677884615,-2.832106113
25,33,399,420,61,379,7.099446774,7.779983521,4,-0.32,-0.052631579,0.152882206,0.949874687,-0.680536747
25,17,403,293,412,142,6.703755379,10.27639198,4,0.32,0.272952854,1.022332506,0.35235732,-3.572636601
21,27,406,496,148,377,7.185834885,7.348955631,4,-0.285714286,-0.221674877,0.36453202,0.928571429,-0.163120746
23,18,403,368,99,336,6.671212673,7.038357735,4,0.217391304,0.086848635,0.245657568,0.833746898,-0.367145062
23,18,435,336,147,312,5.46146059,7.307935715,4,0.217391304,0.227586207,0.337931034,0.717241379,-1.846475125
23,23,436,397,129,352,6.248000145,7.271876812,4,0,0.089449541,0.29587156,0.80733945,-1.023876667
26,26,426,439,143,361,4.77838707,5.492469311,4,0,-0.030516432,0.335680751,0.84741784,-0.714082241
22,24,376,391,47,360,6.165388584,6.438805103,4,-0.090909091,-0.039893617,0.125,0.957446809,-0.273416519
29,29,420,432,106,373,7.71704483,9.025623322,4,0,-0.028571429,0.252380952,0.888095238,-1.308578492
25,31,424,523,255,346,7.110497952,6.110562801,4,-0.24,-0.233490566,0.601415094,0.816037736,0.999935151
24,21,406,349,205,275,6.076653481,7.359194279,4,0.125,0.140394089,0.504926108,0.677339901,-1.282540798
23,26,438,526,234,365,4.878460407,11.53049374,4,-0.130434783,-0.200913242,0.534246575,0.833333333,-6.652033333
30,25,439,389,278,275,4.724405289,9.192470551,4,0.166666667,0.113895216,0.633257403,0.62642369,-4.468065262
30,26,421,437,174,342,6.252030849,7.648351192,4,0.133333333,-0.038004751,0.413301663,0.812351544,-1.396320343
17,25,339,464,185,309,7.608431816,7.282128811,4,-0.470588235,-0.368731563,0.545722714,0.911504425,0.326303005
24,29,423,461,122,381,6.596088886,7.679461479,4,-0.208333333,-0.089834515,0.288416076,0.90070922,-1.083372593
21,21,411,436,141,353,6.587162971,5.850883961,4,0,-0.060827251,0.343065693,0.858880779,0.73627901
23,25,392,412,302,251,6.589681149,7.379417896,4,-0.086956522,-0.051020408,0.770408163,0.640306122,-0.789736747
22,24,421,445,142,362,7.073136806,8.094406128,4,-0.090909091,-0.057007126,0.337292162,0.859857482,-1.021269322
17,21,382,466,222,313,6.667626858,7.562450409,4,-0.235294118,-0.219895288,0.581151832,0.819371728,-0.894823551
22,25,403,413,158,329,5.713614464,5.676185608,4,-0.136363636,-0.024813896,0.392059553,0.816377171,0.037428856
26,20,412,315,109,309,6.489328861,7.92380619,4,0.230769231,0.235436893,0.264563107,0.75,-1.434477329
23,21,407,367,292,241,6.408037186,9.579054832,4,0.086956522,0.098280098,0.717444717,0.592137592,-3.171017646
26,25,400,440,228,306,6.319177628,7.712992668,4,0.038461538,-0.1,0.57,0.765,-1.39381504
26,25,412,426,94,372,6.828897476,6.91735363,4,0.038461538,-0.033980583,0.22815534,0.902912621,-0.088456154
21,22,394,412,162,322,5.278864861,5.656272411,4,-0.047619048,-0.045685279,0.411167513,0.817258883,-0.37740755
24,24,429,506,133,401,7.23258543,6.999860287,4,0,-0.179487179,0.31002331,0.934731935,0.232725143
25,24,422,416,142,348,5.168766499,7.021619797,4,0.04,0.014218009,0.336492891,0.82464455,-1.852853298
24,28,382,460,100,371,7.466526031,8.288069725,4,-0.166666667,-0.204188482,0.261780105,0.971204188,-0.821543694
22,23,419,434,285,284,5.993448257,8.37728405,4,-0.045454545,-0.035799523,0.680190931,0.677804296,-2.383835793
21,20,381,356,243,247,6.295889378,8.803980827,4,0.047619048,0.065616798,0.637795276,0.648293963,-2.508091449
16,20,301,400,131,285,7.7376647,8.232391357,4,-0.25,-0.328903654,0.435215947,0.946843854,-0.494726657
23,25,421,390,177,317,5.717190742,7.393588543,4,-0.086956522,0.073634204,0.420427553,0.752969121,-1.676397801
25,27,380,408,72,358,7.931627274,8.019698143,4,-0.08,-0.073684211,0.189473684,0.942105263,-0.088070869
22,24,403,461,148,358,7.479876995,8.253148079,4,-0.090909091,-0.143920596,0.367245658,0.888337469,-0.773271084
22,15,385,310,175,260,5.181108475,7.984315872,4,0.318181818,0.194805195,0.454545455,0.675324675,-2.803207397
71,72,1022,1037,401,829,32.44742584,27.5837059,0,-0.014084507,-0.014677104,0.392367906,0.811154599,4.86371994
129,39,2705,577,2502,390,37.02575684,12.13860416,0,0.697674419,0.786691312,0.924953789,0.144177449,24.88715268
25,24,561,403,432,266,25.48056984,12.90120983,0,0.04,0.281639929,0.770053476,0.474153298,12.57936001
49,24,1129,514,799,422,36.99095535,17.03594398,0,0.510204082,0.544729849,0.707705934,0.373782108,19.95501137
84,30,1602,527,1367,381,47.80979919,13.67864895,0,0.642857143,0.671036205,0.853308365,0.237827715,34.13115024
47,38,1096,900,270,863,35.26816177,33.24296951,0,0.191489362,0.178832117,0.246350365,0.787408759,2.02519226
41,30,1193,496,1023,333,32.04114914,16.85005951,0,0.268292683,0.584241408,0.857502096,0.279128248,15.19108963
45,38,1010,759,349,710,31.70678139,23.84380722,0,0.155555556,0.248514851,0.345544554,0.702970297,7.86297417
39,20,903,452,697,329,36.0399437,15.31692028,0,0.487179487,0.49944629,0.771871539,0.364341085,20.72302342
32,27,771,545,372,472,35.56887436,19.89102745,0,0.15625,0.293125811,0.482490272,0.612191958,15.67784691
28,23,753,457,594,308,43.27789688,17.09699821,0,0.178571429,0.39309429,0.788844622,0.409030544,26.18089867
22,27,582,684,316,475,31.2611351,17.19843864,0,-0.227272727,-0.175257732,0.542955326,0.816151203,14.06269646
163,32,2805,555,2528,416,40.83283234,12.37435532,0,0.803680982,0.802139037,0.901247772,0.148306595,28.45847702
25,28,480,530,524,243,40.93113327,11.483531,0,-0.12,-0.104166667,1.091666667,0.50625,29.44760227
67,32,1544,601,1325,410,32.66366577,15.13945103,0,0.52238806,0.610751295,0.858160622,0.265544041,17.52421474
30,23,674,441,591,262,25.24840164,14.43634224,0,0.233333333,0.345697329,0.876854599,0.388724036,10.8120594
107,35,1925,764,1239,725,30.53751755,23.39512825,0,0.672897196,0.603116883,0.643636364,0.376623377,7.1423893
108,37,1924,675,1633,483,29.34661865,16.80008507,0,0.657407407,0.649168399,0.848752599,0.251039501,12.54653358
59,39,932,524,904,276,90.13816833,12.0537672,0,0.338983051,0.43776824,0.969957082,0.296137339,78.08440113
35,38,604,679,141,571,10.51517773,8.219333649,2,-0.085714286,-0.124172185,0.233443709,0.945364238,2.295844081
32,30,585,538,67,528,11.39194107,13.24702644,2,0.0625,0.08034188,0.114529915,0.902564103,-1.85508537
26,24,627,606,63,585,9.478626251,10.40555191,2,0.076923077,0.033492823,0.100478469,0.933014354,-0.926925659
29,21,577,387,266,349,12.18657589,14.98862934,2,0.275862069,0.329289428,0.461005199,0.604852686,-2.80205345
37,37,571,585,52,552,8.543477058,8.28353405,2,0,-0.024518389,0.091068301,0.966725044,0.259943008
28,27,597,562,67,546,10.62282181,11.51784134,2,0.035714286,0.058626466,0.112227806,0.914572864,-0.89501953
28,24,604,529,123,505,11.44519615,11.50016785,2,0.142857143,0.124172185,0.203642384,0.836092715,-0.0549717
24,25,513,538,85,483,15.53460503,13.75872421,2,-0.041666667,-0.048732943,0.165692008,0.941520468,1.77588082
31,31,632,628,116,572,12.11957359,11.51237202,2,0,0.006329114,0.183544304,0.905063291,0.60720157
26,23,594,479,193,440,10.60241318,10.46733475,2,0.115384615,0.193602694,0.324915825,0.740740741,0.13507843
31,23,660,508,200,484,9.920018196,11.17279434,2,0.258064516,0.23030303,0.303030303,0.733333333,-1.252776144
27,30,600,677,113,582,11.68838406,10.06585026,2,-0.111111111,-0.128333333,0.188333333,0.97,1.6225338
29,31,604,637,131,555,9.127895355,8.217713356,2,-0.068965517,-0.054635762,0.216887417,0.918874172,0.910181999
26,30,596,695,107,592,11.27890873,9.177940369,2,-0.153846154,-0.166107383,0.179530201,0.993288591,2.100968361
31,27,605,519,92,516,10.95918465,11.59175396,2,0.129032258,0.14214876,0.152066116,0.852892562,-0.63256931
26,23,581,538,115,502,14.93026161,16.927845,2,0.115384615,0.074010327,0.197934596,0.864027539,-1.99758339
38,34,660,593,117,568,12.40495205,12.65153313,2,0.105263158,0.101515152,0.177272727,0.860606061,-0.24658108
29,30,595,618,55,579,10.80294132,10.53382397,2,-0.034482759,-0.038655462,0.092436975,0.973109244,0.26911735
28,11,559,198,431,163,9.105242729,13.96036339,2,0.607142857,0.645796064,0.771019678,0.291592129,-4.855120661
33,37,754,840,90,752,11.0963974,11.03320789,2,-0.121212121,-0.114058355,0.119363395,0.99734748,0.06318951
35,34,674,633,85,611,7.073662281,7.565812111,2,0.028571429,0.060830861,0.12611276,0.90652819,-0.49214983
24,19,482,426,114,397,14.35632706,13.45108223,2,0.208333333,0.116182573,0.236514523,0.823651452,0.90524483
25,23,541,491,146,443,5.83937645,5.706074238,2,0.08,0.092421442,0.26987061,0.818853974,0.133302212
33,27,543,465,176,416,15.11763668,13.70091534,2,0.181818182,0.143646409,0.32412523,0.76611418,1.41672134
34,30,682,631,77,618,8.448698997,8.959946632,2,0.117647059,0.074780059,0.112903226,0.906158358,-0.511247635
27,30,572,626,120,539,12.4489975,12.04393673,2,-0.111111111,-0.094405594,0.20979021,0.942307692,0.40506077
31,23,577,471,240,404,15.56453419,15.34074211,2,0.258064516,0.183708839,0.415944541,0.70017331,0.22379208
31,30,591,672,93,585,17.24882507,18.57857513,2,0.032258065,-0.137055838,0.157360406,0.989847716,-1.32975006
32,31,587,594,91,545,16.86262703,16.80444336,2,0.03125,-0.011925043,0.155025554,0.928449744,0.05818367
33,31,607,573,92,544,10.50377655,10.56123447,2,0.060606061,0.05601318,0.151565074,0.896210873,-0.05745792
30,28,584,565,49,550,10.66247082,11.04072666,2,0.066666667,0.032534247,0.08390411,0.941780822,-0.37825584
31,30,528,541,73,498,11.80011654,9.586301804,2,0.032258065,-0.024621212,0.138257576,0.943181818,2.213814736
38,35,626,698,90,617,18.10409164,16.63467407,2,0.078947368,-0.115015974,0.143769968,0.985623003,1.46941757
29,25,537,536,41,516,12.03838539,12.06408024,2,0.137931034,0.001862197,0.076350093,0.960893855,-0.02569485
29,26,592,550,114,514,13.77363491,14.4864502,2,0.103448276,0.070945946,0.192567568,0.868243243,-0.71281529
34,33,623,633,82,587,11.95864105,12.76972294,2,0.029411765,-0.016051364,0.131621188,0.942215088,-0.81108189
28,23,504,492,66,465,11.6854744,13.53236485,2,0.178571429,0.023809524,0.130952381,0.922619048,-1.84689045
27,16,586,348,314,310,10.67771721,12.32318497,2,0.407407407,0.406143345,0.535836177,0.529010239,-1.64546776
28,25,593,545,128,505,9.153224945,9.158555984,2,0.107142857,0.080944351,0.215851602,0.851602024,-0.005331039
27,24,559,514,71,501,11.32157135,12.76095772,2,0.111111111,0.080500894,0.127012522,0.896243292,-1.43938637
41,31,619,487,154,476,12.64487743,14.87447548,2,0.243902439,0.213247173,0.248788368,0.768982229,-2.22959805
26,24,553,514,43,512,12.40333366,13.12204742,2,0.076923077,0.070524412,0.077757685,0.925858951,-0.71871376
30,22,645,456,189,456,14.47212696,16.42094231,2,0.266666667,0.293023256,0.293023256,0.706976744,-1.94881535
43,5,718,107,651,87,10.99117661,17.35452843,2,0.88372093,0.85097493,0.906685237,0.121169916,-6.36335182
32,30,663,594,71,593,10.97805595,12.89366627,2,0.0625,0.104072398,0.107088989,0.894419306,-1.91561032
39,39,735,735,140,665,11.58609581,12.14069366,2,0,0,0.19047619,0.904761905,-0.55459785
27,26,532,545,105,486,12.58677769,11.29893112,2,0.037037037,-0.02443609,0.197368421,0.913533835,1.28784657
29,18,570,339,359,275,8.067619324,13.32465839,2,0.379310345,0.405263158,0.629824561,0.48245614,-5.257039066
27,24,526,560,138,474,12.09765911,12.7603426,2,0.111111111,-0.064638783,0.262357414,0.901140684,-0.66268349
32,40,563,698,183,539,11.7026329,8.270344734,2,-0.25,-0.239786856,0.325044405,0.957371226,3.432288166
29,27,528,489,43,487,10.24777317,11.12759876,2,0.068965517,0.073863636,0.081439394,0.922348485,-0.87982559
38,30,642,502,142,501,7.565847874,9.16193676,2,0.210526316,0.218068536,0.221183801,0.780373832,-1.596088886
32,26,589,528,137,490,11.99476242,11.14676952,2,0.1875,0.103565365,0.232597623,0.831918506,0.8479929
31,33,559,602,139,511,12.45568275,11.02932072,2,-0.064516129,-0.076923077,0.248658318,0.914132379,1.42636203
41,29,731,618,191,579,10.46475697,12.23714542,2,0.292682927,0.154582763,0.26128591,0.792065663,-1.77238845
40,32,680,567,271,488,12.14138031,13.07700253,2,0.2,0.166176471,0.398529412,0.717647059,-0.93562222
26,24,588,549,49,544,13.01639557,13.66468525,2,0.076923077,0.066326531,0.083333333,0.925170068,-0.64828968
33,28,657,569,88,569,12.09767914,13.96578979,2,0.151515152,0.133942161,0.133942161,0.866057839,-1.86811065
29,29,610,604,126,544,11.60620117,12.45159149,2,0,0.009836066,0.206557377,0.891803279,-0.84539032
27,24,585,536,71,525,11.16338921,11.69795227,2,0.111111111,0.083760684,0.121367521,0.897435897,-0.53456306
30,22,622,470,300,396,12.83170128,16.82463646,2,0.266666667,0.24437299,0.482315113,0.636655949,-3.99293518
33,27,533,529,42,510,14.36213398,15.13946152,2,0.181818182,0.00750469,0.07879925,0.95684803,-0.77732754
28,29,569,603,102,535,11.44822502,10.46508408,2,-0.035714286,-0.059753954,0.179261863,0.940246046,0.98314094
31,35,573,649,130,546,9.117851257,8.266990662,2,-0.129032258,-0.132635253,0.226876091,0.952879581,0.850860595
30,29,594,568,26,568,12.47076035,12.84848309,2,0.033333333,0.043771044,0.043771044,0.956228956,-0.37772274
35,31,615,536,95,528,10.72605038,11.51691628,2,0.114285714,0.128455285,0.154471545,0.858536585,-0.7908659
32,30,610,571,103,539,12.8130064,13.85463619,2,0.0625,0.063934426,0.168852459,0.883606557,-1.04162979
28,31,558,627,171,507,10.65537548,9.079769135,2,-0.107142857,-0.123655914,0.306451613,0.908602151,1.575606345
35,32,594,545,127,506,10.28173447,10.69540691,2,0.085714286,0.082491582,0.213804714,0.851851852,-0.41367244
33,30,649,603,96,578,10.04296684,10.75888824,2,0.090909091,0.070878274,0.147919877,0.890600924,-0.7159214
28,26,567,553,76,522,9.346258163,9.783817291,2,0.071428571,0.024691358,0.134038801,0.920634921,-0.437559128
31,29,640,577,105,556,10.16582108,10.34698009,2,0.064516129,0.0984375,0.1640625,0.86875,-0.18115901
32,25,676,535,193,509,13.79475975,15.05947018,2,0.21875,0.208579882,0.285502959,0.75295858,-1.26471043
29,29,611,631,100,571,11.00160599,11.27608585,2,0,-0.032733224,0.163666121,0.934533552,-0.27447986
27,7,496,154,358,146,15.92518997,26.74368858,2,0.740740741,0.689516129,0.721774194,0.294354839,-10.81849861
42,32,605,551,136,510,13.73190689,16.25486183,2,0.238095238,0.089256198,0.224793388,0.842975207,-2.52295494
32,32,550,548,38,530,14.51334572,16.39671516,2,0,0.003636364,0.069090909,0.963636364,-1.88336944
34,27,627,502,181,474,11.67082405,11.40348148,2,0.205882353,0.199362041,0.288676236,0.755980861,0.26734257
35,24,623,487,176,467,16.66846848,17.20675278,2,0.314285714,0.218298555,0.282504013,0.749598716,-0.5382843
31,28,627,576,93,555,15.28339672,15.19109344,2,0.096774194,0.081339713,0.148325359,0.885167464,0.09230328
28,16,601,407,416,296,13.25911617,14.39668083,2,0.428571429,0.322795341,0.6921797,0.492512479,-1.13756466
25,12,519,288,425,191,18.76843643,21.78156471,2,0.52,0.445086705,0.818882466,0.368015414,-3.01312828
33,29,635,539,130,522,9.819963455,11.5484457,2,0.121212121,0.151181102,0.204724409,0.822047244,-1.728482245
24,24,594,575,57,556,7.686297417,8.178613663,2,0,0.031986532,0.095959596,0.936026936,-0.492316246
32,27,532,557,123,483,15.29461288,15.04542351,2,0.15625,-0.046992481,0.231203008,0.907894737,0.24918937
24,26,548,600,130,509,13.67860317,12.03502464,2,-0.083333333,-0.094890511,0.237226277,0.928832117,1.64357853
31,33,570,630,116,542,11.32027626,10.85353374,2,-0.064516129,-0.105263158,0.203508772,0.950877193,0.46674252
27,22,543,433,152,412,13.73988152,16.89576721,2,0.185185185,0.202578269,0.279926335,0.758747698,-3.15588569
28,24,608,512,158,481,12.15528297,13.74059296,2,0.142857143,0.157894737,0.259868421,0.791118421,-1.58530999
30,30,581,595,116,530,11.13032341,10.73724747,2,0,-0.024096386,0.199655766,0.91222031,0.39307594
33,24,669,478,207,470,12.91947746,14.53875256,2,0.272727273,0.285500747,0.30941704,0.702541106,-1.6192751
34,33,587,656,119,562,11.04277134,11.68392563,2,0.029411765,-0.117546848,0.202725724,0.957410562,-0.64115429
35,30,604,516,94,513,10.46317768,11.79264069,2,0.142857143,0.145695364,0.155629139,0.849337748,-1.32946301
32,35,607,681,128,580,13.85040855,15.76791954,2,-0.09375,-0.121911038,0.210873147,0.955518946,-1.91751099
30,20,629,360,365,312,10.42567158,13.85512161,2,0.333333333,0.427662957,0.580286169,0.496025437,-3.42945003
40,30,774,624,190,604,12.16522694,12.46774578,2,0.25,0.19379845,0.245478036,0.780361757,-0.30251884
34,30,643,584,73,577,10.72120571,12.16689777,2,0.117647059,0.091757387,0.113530327,0.897356143,-1.44569206
29,32,585,654,77,581,10.7433033,10.57381439,2,-0.103448276,-0.117948718,0.131623932,0.993162393,0.16948891
34,37,598,640,86,576,13.20093822,10.95227909,2,-0.088235294,-0.070234114,0.143812709,0.963210702,2.24865913
